form_date,entry,exit,n_holdings,gross_return,turnover,cost,net_return,gross_equity,net_equity
2020-12-31,2021-01-01,2021-01-29,20,-0.02111571199628453,0.5,0.0035,-0.02461571199628453,0.9788842880037155,0.9753842880037155
2021-01-29,2021-02-01,2021-02-26,20,-0.011767200710005286,0.09999999999999998,0.0006999999999999998,-0.012467200710005285,0.9673655601149053,0.9632239763157875
2021-02-26,2021-03-01,2021-03-31,20,0.029283463101036116,0.09999999999999998,0.0006999999999999998,0.028583463101036117,0.9956933737997432,0.9907562533008432
2021-03-31,2021-04-01,2021-04-30,20,0.01614852066158178,0.29999999999999993,0.0020999999999999994,0.014048520661581779,1.0117723488191483,1.0046749129959314
2021-04-30,2021-05-03,2021-05-31,20,0.04489080429494624,0.19999999999999996,0.0013999999999999996,0.04349080429494624,1.0571916233210268,1.0483690330170796
2021-05-31,2021-06-01,2021-06-30,20,0.04734034377658166,0.19999999999999996,0.0013999999999999996,0.04594034377658166,1.1072394382067665,1.0965314667986068
2021-06-30,2021-07-01,2021-07-30,20,0.03134777973298826,0.29999999999999993,0.0020999999999999994,0.029247779732988262,1.1419489362273498,1.128602577609823
2021-07-30,2021-08-02,2021-08-31,20,0.04840605457303403,0.19999999999999996,0.0013999999999999996,0.04700605457303403,1.197226178753989,1.181653731964217
2021-08-31,2021-09-01,2021-09-30,20,0.001076685395112876,0.24999999999999994,0.0017499999999999996,-0.0006733146048871236,1.1985152146953004,1.1808581072485662
2021-09-30,2021-10-01,2021-10-29,20,-0.04482065000923584,0.29999999999999993,0.0020999999999999994,-0.046920650009235836,1.1447969837266982,1.1254514772877875
2021-10-29,2021-11-01,2021-11-30,20,-0.037612905266178796,0.3499999999999999,0.0024499999999999995,-0.0400629052661788,1.1017378432287788,1.0803626213715258
2021-11-30,2021-12-01,2021-12-31,20,0.015845426771145792,0.19999999999999996,0.0013999999999999996,0.014445426771145792,1.1191953495446605,1.0959689205048313
2021-12-31,2022-01-03,2022-01-31,20,-0.02407049847495403,0.19999999999999996,0.0013999999999999996,-0.02547049847495403,1.0922557595902702,1.068054045786516
2022-01-31,2022-02-01,2022-02-28,20,-0.04606719630353393,0.09999999999999998,0.0006999999999999998,-0.04676719630353393,1.0419385990995595,1.0181041525644343
2022-02-28,2022-03-02,2022-03-31,20,0.010540130070106223,0.24999999999999994,0.0017499999999999996,0.008790130070106223,1.0529207674591332,1.0270534204903912
2022-03-31,2022-04-01,2022-04-29,20,-0.006212208218460198,0.24999999999999994,0.0017499999999999996,-0.007962208218460198,1.0463798044141361,1.0188758073049649
2022-04-29,2022-05-02,2022-05-31,20,-0.018540266951732817,0.19999999999999996,0.0013999999999999996,-0.019940266951732816,1.0269796435073961,0.9985591517166416
2022-05-31,2022-06-01,2022-06-30,20,-0.03952116248321254,0.3499999999999999,0.0024499999999999995,-0.04197116248321254,0.9863922141493886,0.9566484633108435
2022-06-30,2022-07-01,2022-07-29,20,0.05577110420075913,0.19999999999999996,0.0013999999999999996,0.054371104200759135,1.0414043971075317,1.0086624965930135
2022-07-29,2022-08-01,2022-08-30,20,0.006954429092667479,0.09999999999999998,0.0006999999999999998,0.006254429092667479,1.0486467701440083,1.0149711046563874
2022-08-30,2022-09-01,2022-09-30,20,0.0010965112117406971,0.19999999999999996,0.0013999999999999996,-0.00030348878825930243,1.049796623084627,1.014663072305717
2022-09-30,2022-10-03,2022-10-31,20,0.025728316230921176,0.24999999999999994,0.0017499999999999996,0.023978316230921178,1.0768061225815013,1.0389929843213017
2022-10-31,2022-11-01,2022-11-30,20,0.049876999320878565,0.14999999999999997,0.0010499999999999997,0.04882699932087856,1.1305139808262168,1.0897238940611556
2022-11-30,2022-12-01,2022-12-30,20,-0.021271373711182266,0.19999999999999996,0.0013999999999999996,-0.022671373711182264,1.1064663954543459,1.0650183564168902
2022-12-30,2023-01-02,2023-01-31,20,-0.02260028199717438,0.14999999999999997,0.0010499999999999997,-0.02365028199717438,1.0814599428966807,1.0398303719554636
2023-01-31,2023-02-01,2023-02-28,20,-0.014718557001503065,0.09999999999999998,0.0006999999999999998,-0.015418557001503064,1.0655424130823137,1.0237976880935742
2023-02-28,2023-03-01,2023-03-31,20,0.018362587463544452,0.29999999999999993,0.0020999999999999994,0.016262587463544455,1.085108528838654,1.0404472875411706
2023-03-31,2023-04-03,2023-04-28,20,0.03738018260920772,0.24999999999999994,0.0017499999999999996,0.035630182609207715,1.1256700837974516,1.0775186143915174
2023-04-28,2023-05-02,2023-05-31,20,0.03759081015838569,0.19999999999999996,0.0013999999999999996,0.03619081015838569,1.1679849342184558,1.1165148860070875
2023-05-31,2023-06-01,2023-06-30,20,0.03781406186040094,0.24999999999999994,0.0017499999999999996,0.03606406186040094,1.212151188773009,1.1567809479241056
2023-06-30,2023-07-03,2023-07-31,20,0.038260156114460916,0.24999999999999994,0.0017499999999999996,0.036510156114460915,1.2585282824897936,1.1990152009230488
2023-07-31,2023-08-01,2023-08-31,20,-0.014021415217227058,0.29999999999999993,0.0020999999999999994,-0.016121415217227056,1.2408819348783806,1.1796853790172013
2023-08-31,2023-09-01,2023-09-29,20,0.01966594675529649,0.19999999999999996,0.0013999999999999996,0.01826594675529649,1.265285052939308,1.2012334493383314
2023-09-29,2023-10-03,2023-10-31,20,-0.010114755521726675,0.24999999999999994,0.0017499999999999996,-0.011864755521726675,1.2524870039635319,1.1869811081374115
2023-10-31,2023-11-01,2023-11-30,20,0.06453914706949371,0.14999999999999997,0.0010499999999999997,0.06348914706949371,1.333321446914964,1.262341526280658
2023-11-30,2023-12-01,2023-12-29,20,0.06421364565495397,0.19999999999999996,0.0013999999999999996,0.06281364565495397,1.418938877851312,1.341633799607985
2023-12-29,2024-01-01,2024-01-31,20,0.005726259346665566,0.14999999999999997,0.0010499999999999997,0.004676259346665566,1.4270640898629552,1.3479076272032042
2024-01-31,2024-02-01,2024-02-29,20,0.0129005229626012,0.24999999999999994,0.0017499999999999996,0.0111505229626012,1.4454739629233357,1.3629375021517989
2024-02-29,2024-03-01,2024-03-28,20,0.006400315884207173,0.09999999999999998,0.0006999999999999998,0.005700315884207173,1.454725452888442,1.3707066764444966
2024-03-28,2024-04-01,2024-04-30,20,-0.0004688024027699532,0.09999999999999998,0.0006999999999999998,-0.0011688024027699528,1.4540434741007573,1.3691045911875754
2024-04-30,2024-05-02,2024-05-31,20,-0.0019458497661945578,0.24999999999999994,0.0017499999999999996,-0.0036958497661945576,1.4512141239466416,1.364044586304339
2024-05-31,2024-06-03,2024-06-28,20,0.05147281341625235,0.19999999999999996,0.0013999999999999996,0.05007281341625235,1.5259121977755772,1.432346136365805
2024-06-28,2024-07-01,2024-07-31,20,0.07446005293561289,0.29999999999999993,0.0020999999999999994,0.07236005293561289,1.6395317007970442,1.5359907786153553
2024-07-31,2024-08-01,2024-08-30,20,0.029509697212297407,0.19999999999999996,0.0013999999999999996,0.02810969721229741,1.687913784857528,1.5791670143231138
2024-08-30,2024-09-02,2024-09-30,20,0.023170967203082964,0.19999999999999996,0.0013999999999999996,0.021770967203082966,1.7270243798080933,1.6135470076001328
2024-09-30,2024-10-01,2024-10-31,20,-0.07973042173696201,0.04999999999999999,0.0003499999999999999,-0.08008042173696202,1.5893279976559789,1.484333482739101
2024-10-31,2024-11-01,2024-11-29,20,-0.01019261369376707,0.14999999999999997,0.0010499999999999997,-0.01124261369376707,1.5731285913431832,1.4676456947999414
2024-11-29,2024-12-02,2024-12-31,20,-0.01732191080201287,0.09999999999999998,0.0006999999999999998,-0.018021910802012868,1.5458789982038403,1.4411959149992988
2024-12-31,2025-01-01,2025-01-31,20,-0.02456373103969716,0.29999999999999993,0.0020999999999999994,-0.02666373103969716,1.5079064422720447,1.4027682547462472
2025-01-31,2025-02-01,2025-02-28,20,-0.06369727713929607,0.3499999999999999,0.0024499999999999995,-0.06614727713929607,1.4118569077185124,1.3099789542373406
2025-02-28,2025-03-03,2025-03-28,20,0.07206732271657122,0.14999999999999997,0.0010499999999999997,0.07101732271657123,1.5136056551166825,1.4030101523823302
2025-03-28,2025-04-01,2025-04-30,20,0.05318525534901307,0.14999999999999997,0.0010499999999999997,0.05213525534901307,1.5941071583817736,1.4761564449340407
2025-04-30,2025-05-02,2025-05-30,20,0.005247896173183257,0.24999999999999994,0.0017499999999999996,0.003497896173183257,1.6024728672378894,1.4813198869137953
2025-05-30,2025-06-02,2025-06-30,20,0.005590300811773918,0.24999999999999994,0.0017499999999999996,0.0038403008117739185,1.6114311726084551,1.4870086008780075
2025-06-30,2025-07-01,2025-07-31,20,-0.008912622731945583,0.14999999999999997,0.0010499999999999997,-0.009962622731945581,1.5970690945084993,1.4721940951883017
2025-07-31,2025-08-01,2025-08-29,20,-0.029194323567694844,0.19999999999999996,0.0013999999999999996,-0.030594323567694842,1.5504437426034527,1.427153312685661
2025-08-29,2025-09-01,2025-09-30,20,-0.041412539338728696,0.24999999999999994,0.0017499999999999996,-0.0431625393387287,1.4862359301204016,1.3655537516844691
2025-09-30,2025-10-01,2025-10-31,20,0.018484296162780606,0.24999999999999994,0.0017499999999999996,0.016734296162780608,1.5137079552205128,1.388405332591353
2025-10-31,2025-11-03,2025-11-28,20,0.00012431262017608118,0.29999999999999993,0.0020999999999999994,-0.0019756873798239183,1.5138961282226076,1.3856622776976721
2025-11-28,2025-12-01,2025-12-31,20,-0.011112860986355758,0.14999999999999997,0.0010499999999999997,-0.012162860986355759,1.4970724110018874,1.3688086600399982
2025-12-31,2026-01-01,2026-01-30,20,-0.019509966639840576,0.14999999999999997,0.0010499999999999997,-0.020559966639840575,1.4678645782058148,1.3406659996532508
2026-01-30,2026-02-01,2026-02-27,20,0.05004713500528892,0.24999999999999994,0.0017499999999999996,0.04829713500528892,1.5413269949207626,1.4054163264355046
2026-02-27,2026-03-02,2026-03-30,20,-0.10959454987801472,0.4499999999999999,0.003149999999999999,-0.11274454987801472,1.3724059566975886,1.2469632953203207
2026-03-30,2026-04-01,2026-04-30,20,0.05879143215770014,0.3999999999999999,0.002799999999999999,0.055991432157700145,1.4530916683935984,1.3167825560733908
2026-04-30,2026-05-04,2026-05-29,20,0.01733342377623346,0.19999999999999996,0.0013999999999999996,0.01593342377623346,1.4782787220675788,1.3377634105604599
2026-05-29,2026-06-01,2026-06-30,20,0.005650272744389279,0.04999999999999999,0.0003499999999999999,0.005300272744389279,1.4866314000394878,1.3448539215038948
2026-06-30,2026-07-01,2026-07-27,20,0.018050399941964237,0.14999999999999997,0.0010499999999999997,0.01700039994196424,1.513465691376483,1.3677169760329801
